"id","y"
1,0.0581355775973055
2,0.343571889954965
3,0.962020620698353
4,0.0109229360884349
5,0.942278508375165
6,0.899616396518011
7,0.954382551279319
8,0.670321145943668
9,0.0969218157042039
10,0.203427961099831
11,0.364513601289949
12,0.915508100719397
13,0.977265127893147
14,0.921706072416479
15,0.891993092579837
16,0.860570302226942
17,0.953903199109177
18,0.889076538146856
19,0.880961729904455
20,0.894822187546778
21,0.0951013759730212
22,0.042739071747442
23,0.943411445988696
24,0.978641373237825
25,0.00435761957735747
26,0.151091303016659
27,0.121644464954268
28,0.141271440714589
29,0.966261534478359
30,0.146007604312478
31,0.957362665968158
32,0.884018488499824
33,0.429036309522123
34,0.0127367412772647
35,0.116683987636732
36,0.129112553482652
37,0.897185435066775
38,0.128547239031873
39,0.125863908672236
40,0.0562448556683866
41,0.884000403172454
42,0.834769579389132
43,0.977252061600647
44,0.962570194944588
45,0.229965506491883
46,0.970210766395345
47,0.945736810070679
48,0.943866552173606
49,0.814959663578462
50,0.974567326294681
51,0.114090834217015
52,0.821274523731191
53,0.926357541648522
54,0.980213488306655
55,0.978628670737284
56,0.979212793972142
57,0.922726064847417
58,0.625919646541887
59,0.868672069137726
60,0.3378662117405
61,0.764227949730195
62,0.835887166958788
63,0.879560268826362
64,0.923378473220957
65,0.0492409686920396
66,0.877859529357155
67,0.0901483008702626
68,0.10728810743327
69,0.763407986826023
70,0.901489842834786
71,0.866822496027006
72,0.640092454938185
73,0.892482511013204
74,0.93009811206731
75,0.0876016066807047
76,0.221016371724674
77,0.969239851534402
78,0.95157366086218
79,0.74086082165142
80,0.663084673798577
81,0.825455277909672
82,0.784384522719677
83,0.878533206201458
84,0.217917420433122
85,0.647315260352193
86,0.059725873842647
87,0.0112985356904181
88,0.835020184493644
89,0.22210711233197
90,0.937511730841115
91,0.781065178442228
92,0.0570894108088948
93,0.455561101896469
94,0.841575235462386
95,0.72445238099707
96,0.425276398382815
97,0.584343821022626
98,0.641137182569093
99,0.973124394463053
100,0.811453952935568
101,0.00855430650626909
102,0.000720454083620314
103,0.000561216879773174
104,0.0558174023968432
105,0.260200712946374
106,0.637484046643766
107,0.801739813270208
108,0.469241326902599
109,0.95409934002834
110,0.12853094407221
111,0.99461843148044
112,0.216788702341184
113,0.371298107779325
114,0.877038651225368
115,0.466077704692771
116,0.0020465156251529
117,0.881352742209442
118,0.8880762385155
119,0.696466152949607
120,0.917020279530248
121,0.337181575018689
122,0.786674222728413
123,0.982725613132401
124,0.895815930035516
125,0.69702908096636
126,0.832312824127637
127,0.580615904116319
128,0.878182705957398
129,0.138973028932286
130,0.069577970481478
131,0.614838654943657
132,0.942348820909963
133,0.308421598016666
134,0.952555698258827
135,0.0291535112790244
136,0.967711954541623
137,0.0557833287093406
138,0.701550390201732
139,0.880880075853683
140,0.158000666179885
141,0.772052116370001
142,0.464425780466764
143,0.917738876800874
144,0.898731131236612
145,0.859009899735898
146,0.395651678864046
147,0.89158763221684
148,0.876966775918754
149,0.881580971723765
150,0.431406937312528
151,0.174125410775402
152,0.308342181075031
153,0.993006812404094
154,0.948375918859763
155,0.533895528738783
156,0.00625462037206193
157,0.681087449184994
158,0.364058648559435
159,0.196910970792454
160,0.495566183184115
161,0.65295922134098
162,0.0985135875618652
163,0.191164033810201
164,0.0478958945799337
165,0.967694191978147
166,0.16744567340247
167,0.301969629181208
168,0.729696656667993
169,0.87804728367147
170,0.828476935982937
171,0.472652299891269
172,0.0637051505182363
173,0.424907610769938
174,0.926190443572801
175,0.87962592470436
176,0.863356832618627
177,0.191129367658106
178,0.000560393057077779
179,0.149429723219426
180,0.751736552077604
181,0.128403671846329
182,0.0282528722750596
183,0.971413874391262
184,0.190990678159756
185,0.964371872725031
186,0.87806105575351
187,0.977948385436927
188,0.786506921796408
189,0.970910958660321
190,0.78165813265981
191,0.835686565261361
192,0.237704946079162
193,0.966713899505695
194,0.00636146823910588
195,0.938668213395295
196,0.647934183869355
197,0.371273488171506
198,0.640686154297453
199,0.0544579225800093
200,0.770793595800534
201,0.782154344354048
202,0.675998391048201
203,0.126331439023764
204,0.776471328966869
205,0.923529241842234
206,0.238477845155432
207,0.0140905893788849
208,0.876165302674594
209,0.965126394946736
210,0.881159088614784
211,0.979872973803766
212,0.853793591251716
213,0.115649790370237
214,0.658060828645019
215,0.684124008149469
216,0.0123363737883261
217,0.919432727591308
218,0.68790131687694
219,0.062218040300317
220,0.729495607126078
221,0.915358733493235
222,0.63466997474189
223,0.918822045229242
224,0.183336622002479
225,3.70710180330747e-08
226,0.607677741070353
227,0.814433035703042
228,0.464006588809775
229,0.375677238232239
230,0.624314684549484
231,0.604613002375371
232,0.956938675490021
233,0.915209841995109
234,0.175073722059446
235,0.747704840988324
236,0.85276566832122
237,0.776762606860229
238,0.0221575869323007
239,0.667878554249911
240,0.0965262936466691
241,0.0467498365910176
242,0.707193153113542
243,0.918632089353544
244,0.843322202750192
245,0.918462807512145
246,0.935549378506406
247,0.951035872697172
248,0.849691360175244
249,0.949191451887847
250,0.867785681426086
251,0.767186925678002
252,0.957665434442792
253,0.827124920670796
254,0.581999295932544
255,0.734347778231392
256,0.733030378036233
257,0.21569723893585
258,0.00249132863740265
259,0.99451562940155
260,0.895906014611942
261,0.177417136091136
262,0.405072819244944
263,0.295673640943784
264,0.595894364969048
265,0.914251985260846
266,0.860656188783692
267,0.0152727007489741
268,0.330979266709827
269,0.9061922081631
270,0.783760750651297
271,0.821170084698315
272,0.968012445290866
273,0.784460860114085
274,0.36658703850279
275,0.202018771373113
276,0.0290754024865362
277,0.116196057709032
278,0.83605898814204
279,0.968133095688372
280,0.389471379868411
281,0.0184589037806422
282,0.68763197449558
283,0.973344732478753
284,0.979064582236534
285,0.643521695139479
286,0.860913952089756
287,0.878521364830781
288,0.7686825757101
289,0.973322266721527
290,0.664704134632821
291,0.0309504774223085
292,0.776171859407904
293,0.0568421259465993
294,0.196321393768734
295,0.151709780254847
296,0.66763072359921
297,0.0603127427439688
298,0.916557330037599
299,0.845265362648778
300,0.392258549725171
301,0.561224667187392
302,0.953752312060344
303,0.829945292103864
304,0.837543739437325
305,0.52565202194784
306,0.749472535214326
307,0.0680397872070255
308,0.0767191887258889
309,0.866283127945361
310,0.0132025705913769
311,0.0723970336520325
312,0.968281400384033
313,0.781368937257168
314,0.964948577439334
315,0.911503901536419
316,0.0426932921024337
317,0.950546192890653
318,0.929886442408193
319,0.918681606369048
320,0.781756715094407
321,0.948476197173433
322,0.663867317038482
323,0.950989445507504
324,0.658912995134182
325,0.631628259258976
326,0.704091605007224
327,0.389908817283258
328,0.128974299445497
329,0.839593770411962
330,0.0193339179713561
331,0.637784253199286
332,0.035141002492616
333,0.835157309200038
334,0.738546813366749
335,0.205644062167541
336,0.955677523235488
337,0.878981274178883
338,0.216498611605462
339,0.325160856683877
340,0.048897702838759
341,0.375162569549805
342,0.449837432963094
343,0.940844637503892
344,0.140190782818033
345,0.616051256369005
346,0.895037921437448
347,0.955668391042575
348,0.876069609002615
349,0.32832927858417
350,0.506561034034621
351,0.220326046761202
352,0.796736734861961
353,0.487849497377773
354,0.429023444747422
355,0.852889590053376
356,0.979165041758912
357,0.865804266220213
358,0.953608450642844
359,0.887269056603231
360,0.341991318973617
361,0.881146549203552
362,0.125987917558558
363,0.80188267872848
364,0.928578748860692
365,0.0202552577435503
366,0.0888673086134446
367,0.0076911095434119
368,0.976295134279569
369,0.242569508143068
370,0.974685712412488
371,0.923046888464194
372,0.807867541604452
373,0.894169318579956
374,0.820346380599931
375,0.796663727947024
376,0.317611123670379
377,0.81091437889209
378,0.523837585777596
379,0.586126295715331
380,0.864043748387846
381,0.0357507866593318
382,0.912348353421456
383,0.219359899690545
384,0.0734486214944446
385,0.960685747746165
386,0.935893833035665
387,0.612682058394069
388,0.316254091816584
389,0.921989563777077
390,0.661143493556666
391,0.400725470900165
392,0.583657629450698
393,0.839727465689222
394,0.87435488229462
395,0.777476054525807
396,0.0281379577408251
397,0.930857145350339
398,0.351866755686024
399,0.65912808369279
400,0.00622496896878122
401,0.984998141796096
402,0.905156732055263
403,0.891739276535278
404,0.720582599974349
405,0.952315100193883
406,0.839388526982649
407,0.648797276629831
408,0.442441053725696
409,0.312161475876631
410,0.532651711025245
411,0.902931687495925
412,0.927803593034658
413,0.93925659372265
414,0.391997282105028
415,0.675415816752266
416,0.0244861939967931
417,0.878015165259582
418,0.261525033191951
419,0.709946841921386
420,0.983830554522522
421,0.918977808017488
422,0.166481978226614
423,0.779923845510102
424,0.747555115241946
425,0.478878468130361
426,0.719632942885584
427,0.60659204171088
428,0.958134751343471
429,0.532118305088268
430,0.810425112551103
431,0.834892734749397
432,0.837470466319814
433,0.895589406930223
434,0.968371577620279
435,0.646528782165153
436,0.0765416917324845
437,0.196050838765737
438,0.705580931522252
439,0.332639205938258
440,0.932885089408874
441,0.196038483523305
442,0.00919378739588483
443,0.00302497777531885
444,0.953332095156918
445,0.0973120660705589
446,0.172364699685733
447,0.980821727299727
448,0.419311351819716
449,0.291101295624472
450,0.732869379757464
451,0.891648428731735
452,0.798515972507365
453,0.929802034997633
454,0.0576513720260216
455,0.564263514432545
456,0.175986810724371
457,0.170165011738164
458,0.880743709260164
459,0.97293926150768
460,0.889194275435703
461,0.005690127384674
462,0.437707884355471
463,0.275213797949962
464,1.26295433166002e-05
465,0.0610243316847736
466,0.927232678991537
467,0.446539045316818
468,0.994930784755215
469,0.87746598531167
470,0.227785494696655
471,0.00108136845927775
472,0.854471457074498
473,0.812658993448397
474,0.854466583067957
475,0.950912991664069
476,0.913580193996471
477,0.18665964722282
478,0.256399757853594
479,0.924729626121747
480,0.574666934662398
481,0.38919112503014
482,0.688982178783712
483,0.823718464242567
484,0.836256572701868
485,0.197684660061033
486,0.852697944124153
487,0.0465354598643249
488,0.926592064655362
489,0.652484183911592
490,0.909276703525762
491,0.0282586684532227
492,0.655582816768
493,0.0539732824089917
494,0.533681749132249
495,0.149916178033203
496,0.159091346212904
497,0.180258419835233
498,0.488032523664295
499,0.0456666727199896
500,0.916374737105495
501,0.312432353594445
502,0.0193432835425293
503,0.639308984357498
504,0.937051410739134
505,0.498537429966676
506,0.974619867366947
507,0.772068117580295
508,0.197613178989287
509,0.0972019452876717
510,0.294257117941292
511,0.897738922799867
512,0.0989784165716278
513,0.0581371946398517
514,0.889937142165464
515,0.161665184888418
516,0.195806931739666
517,0.926553397767862
518,0.812298318580085
519,0.645531866679441
520,0.876182237788061
521,0.933634773781124
522,0.754135126122396
523,0.960724756048347
524,0.971267934929398
525,0.958058432004472
526,0.916214960285759
527,0.216821088417873
528,0.989101255230423
529,0.889103798283253
530,0.914757073158817
531,0.896973295015117
532,0.402546406844671
533,0.0211945011257004
534,0.91945627320472
535,0.938703602434974
536,0.128661283104343
537,0.594605364709769
538,0.739130105817632
539,0.836904855713923
540,0.131958279435059
541,0.0405708910693637
542,0.0545849333038106
543,0.938991748649818
544,0.942187896992502
545,0.402485135552968
546,0.114984014273802
547,0.0184613284738808
548,0.979742308394904
549,0.972892784888193
550,0.83688670239223
551,0.917330306751748
552,0.867548905641275
553,0.925890757471758
554,0.904215617052741
555,0.884891434734667
556,0.942851206777438
557,0.867537645612515
558,0.960698866319344
559,0.108103566493735
560,0.977743272248094
561,0.679801375846764
562,0.907527412296019
563,0.418762692222739
564,0.886801477702212
565,0.977659272819785
566,0.0324486144210385
567,0.936933525850845
568,0.675920123608721
569,0.840408723480236
570,0.716541821777257
571,0.676204996133419
572,0.904870334195887
573,0.845969705219814
574,0.923059428869121
575,0.91481967909189
576,0.916098538365827
577,0.842897299256453
578,0.830591745659261
579,0.924940582544037
580,0.981427869585084
581,0.106328994668216
582,0.935151195046234
583,0.312087242721308
584,0.393601048935825
585,0.714891808729898
586,0.801526905954527
587,0.0608874750820386
588,0.60068707980074
589,0.0293821125534969
590,0.775560716440932
591,0.924682531938222
592,0.877647363993634
593,0.0563297528891391
594,0.495829258615221
595,0.765906631718276
596,0.31884143856677
597,0.951102801389082
598,0.651322690521026
599,0.912487466020702
600,0.916301657886499
601,0.68799358870011
602,0.838870006399839
603,0.671728125018194
604,0.870329499690626
605,0.273670064030975
606,0.900095872871097
607,0.838856761160252
608,0.897564274304276
609,0.375800081592971
610,0.820442831468615
611,0.0593043817799002
612,0.293842164594899
613,0.780240018154379
614,0.427775719360198
615,0.930741798039912
616,0.926059716105037
617,0.0280197607348085
618,0.124620772505599
619,0.900502912815438
620,0.986605302992386
621,0.723865644280999
622,0.923485329008759
623,0.11355953488046
624,0.980756368858602
625,0.9388996241939
626,0.21554274741361
627,0.145798746165227
628,0.369303957321088
629,0.326867194325863
630,0.509710474406084
631,0.872274415939404
632,0.645024972298978
633,0.771633279847536
634,0.441283516608235
635,0.0338861942956049
636,0.930277579563709
637,0.835813651540215
638,0.862285183237723
639,0.0128963863779391
640,0.985563573598286
641,0.970093629326228
642,0.0321838705127073
643,0.742522275460472
644,0.435839871815625
645,0.0999661373064489
646,0.778600884299216
647,0.896748919322696
648,0.716490370729828
649,0.911929006516321
650,0.970837020441668
651,0.900046499260699
652,0.681160947188426
653,0.604328967059648
654,0.951680480661661
655,0.414123774061347
656,0.804779379402392
657,0.102283781373317
658,0.869282154649073
659,0.930248337944787
660,0.948617956798716
661,0.0608046036007196
662,0.896735803798017
663,0.899226621107772
664,0.915019834200628
665,0.160858604385341
666,0.884994805411754
667,0.952023044776932
668,0.0173927310063966
669,0.930105577313096
670,0.934762839885074
671,0.112789085051738
672,0.26388850996421
673,0.897783671384558
674,0.827068796703969
675,0.667234216513005
676,0.969728252636291
677,0.899759195469716
678,0.0598909527656967
679,0.78239920481999
680,0.0544834042293244
681,0.602942001226272
682,0.971894677259784
683,0.695457160206565
684,0.0472966350842248
685,0.136168077334628
686,0.737212577838185
687,0.0631389858664223
688,0.827144427938306
689,0.978958775594747
690,0.72359527131874
691,0.574031454880905
692,0.719444779038726
693,0.834062936771397
694,0.391223627900015
695,0.916668625755779
696,0.891151952476106
697,0.965704712954824
698,0.480597356872261
699,0.876523156653076
700,0.7693759175503
701,0.0423859812914922
702,0.718665340621299
703,0.114671278145631
704,0.838599629424064
705,0.365851365065652
706,0.660374086574673
707,0.463191768853144
708,0.731733326061689
709,0.765579916985001
710,0.664754144475372
711,0.882647156077728
712,0.91103968417406
713,0.917672062216902
714,0.00149531920108703
715,0.985542645973963
716,0.97061784419432
717,0.0184757909308334
718,0.902078728117958
719,0.697751415118378
720,0.857810875521672
721,0.0868121500137687
722,0.260376062128209
723,0.95680564391411
724,0.958646447213611
725,0.565797722514761
726,0.13553519646333
727,0.934694686629804
728,0.931470853298876
729,0.927836465514878
730,0.0223037621096499
731,0.690798213552792
732,0.940997686395939
733,0.41795199852598
734,0.671161763007914
735,0.599995871386225
736,0.981808151316852
737,0.331344028655638
738,0.89404696485165
739,0.877064723243027
740,0.112733146849523
741,0.00416538268706923
742,0.535437306114173
743,0.968142858365847
744,0.458727632568772
745,0.513904294721113
746,0.650561935416224
747,0.362274362123362
748,0.758865890342315
749,0.115249490478024
750,0.708655310901993
751,0.973497176730462
752,0.955500517268472
753,0.811287586630495
754,0.176011504019025
755,0.00410446420241084
756,0.682485616037835
757,0.861627929582536
758,0.165570237114252
759,0.386992095739234
760,0.888656651208804
761,0.858014679685278
762,0.00586616591542555
763,0.802207269556473
764,0.775093051081182
765,0.979117207475668
766,0.908829515945415
767,0.899841798131368
768,0.445081644316776
769,0.91672443158017
770,0.620551971509512
771,0.721838852956498
772,0.420676131199513
773,0.915714070783109
774,0.881734499731299
775,0.902139951195
776,0.800308204127153
777,0.916005946679681
778,0.931872357981639
779,0.964857409852589
780,0.870034956151986
781,0.919345004413339
782,0.731448551287334
783,0.845711964717793
784,0.956756210331962
785,0.754568430989344
786,0.199333648860593
787,0.94498774337674
788,0.875607078113374
789,0.525489104687443
790,0.024956428546811
791,0.567005058734596
792,0.0569896026541697
793,0.694257369171495
794,0.960741189347347
795,0.705880570307098
796,0.937986626574039
797,0.0392856458100098
798,0.746169404733133
799,0.786937261172439
800,0.460511140043171
801,0.370429990903592
802,0.965826146256808
803,0.66686898800447
804,0.843635303606509
805,0.332715214889965
806,0.0222713064059155
807,0.669252240844406
808,0.0687227015106298
809,0.801396479336123
810,0.577490845186072
811,0.842856813032534
812,0.853059992094973
813,0.963946582708154
814,0.838613939477322
815,0.00564617483029317
816,0.683209504402207
817,0.957214240081384
818,0.420456446213171
819,0.795512349518138
820,0.959817265024533
821,0.00762350201537121
822,0.927388763724405
823,0.516301103990618
824,0.210687649190634
825,0.79733732434206
826,0.908930507020242
827,0.571987958178211
828,0.846364986389605
829,0.0721737447711506
830,0.643698778258433
831,0.0966495857755753
832,0.718024796027668
833,0.173384802708825
834,0.777965116560253
835,0.738787616800816
836,0.266763590191115
837,0.859615903712736
838,0.382248172856666
839,0.701100683115876
840,0.0300272893014689
841,0.228505408272099
842,0.491827506016964
843,0.0488229433283814
844,0.0189317642720277
845,0.892485608420565
846,0.466246627476337
847,0.632325321664333
848,0.902875215171256
849,0.693195278371601
850,0.67424138116014
851,0.982160728212511
852,0.448372378166201
853,0.838782460624615
854,0.675554136994202
855,0.0409286416854432
856,0.983152176853452
857,0.884287210579288
858,0.312421690408583
859,0.16860249160533
860,0.706178139518382
861,0.810963329555129
862,0.980517363250631
863,0.872128270973437
864,0.672079181516395
865,0.8297226833586
866,0.00246189231106153
867,0.82322478308911
868,0.154923617140418
869,0.488248279834627
870,0.829785011283476
871,0.00115822792848763
872,0.316800529637468
873,0.465509248397984
874,0.324528247169042
875,0.953002891915361
876,0.916397265819867
877,0.0605633114547756
878,0.784177301015605
879,0.736479165398986
880,0.135719187726575
881,0.738530416372241
882,0.8892287505194
883,0.322825845895679
884,0.827204905960277
885,0.974809128506229
886,0.929249821789198
887,0.674082097130241
888,0.973205291493111
889,0.106681929124247
890,0.708042398711347
891,0.992252346228502
892,0.209817834372955
893,0.861583456647802
894,0.581265024986074
895,0.720945762836654
896,0.00205534184973855
897,0.924378503526192
898,0.165027829597415
899,0.067307788230856
900,0.72685785448192
901,0.884051273834139
902,0.524936878468174
903,0.38657214836506
904,0.932313506289534
905,0.195579405779646
906,0.838719848504644
907,0.515623603740953
908,0.0173125303655338
909,0.613433516124257
910,0.954599795623203
911,0.099498087540832
912,0.68423739397501
913,0.915830015226452
914,0.895968364445655
915,0.953945748507914
916,0.885429525534744
917,0.829578656543527
918,0.0272984052060241
919,0.611779971612279
920,0.100686375980269
921,0.317459755635954
922,0.430715178275138
923,0.865665481188388
924,0.470475311811304
925,0.561997502647521
926,0.879085030814989
927,0.738187268474001
928,0.173118130214417
929,0.214082452702739
930,0.000926649251063227
931,0.792977290175337
932,0.899951964261433
933,0.936536858669501
934,0.989643699103519
935,0.642726470710441
936,0.980489640153275
937,0.273364726147811
938,0.931207681418408
939,0.818708716642713
940,0.73083987873879
941,0.957729613106231
942,0.960582112066056
943,0.309918861720929
944,0.622579748397245
945,0.380004013727248
946,0.957725646007954
947,0.692897884068615
948,0.339402906247655
949,0.965193615477015
950,0.0205109443206775
951,0.0189151468254064
952,0.836763864312427
953,0.658667253599418
954,0.491676699342271
955,0.841913838493156
956,0.162257617097742
957,0.154695400918056
958,0.315144245269596
959,0.791429518747053
960,0.611589118006036
961,0.430527779949344
962,0.905791408168827
963,0.97884788169314
964,0.75643324369124
965,0.983686605056452
966,0.173011552052152
967,0.0990762006315146
968,0.893286388597518
969,0.921168088504412
970,0.266250240224342
971,0.854395388179328
972,0.909754595666638
973,0.0809639204764959
974,0.989006628409272
975,0.911584197035512
976,0.967336745572427
977,0.00735842210001314
978,0.617363373490329
979,0.890766828428811
980,0.992381381820909
981,0.330285099576014
982,0.322401852780235
983,0.938196472797096
984,0.582927674633703
985,0.741238809142552
986,0.792843494563223
987,0.937705745627252
988,0.922873230433435
989,0.964498392513549
990,0.960377962375201
991,0.986508877488972
992,0.889299977759631
993,0.548848734728551
994,0.880826795325878
995,0.953945393941194
996,0.511076554189272
997,0.642947804584227
998,0.861337871504423
999,0.797533564311158
1000,0.853841200918166
1001,0.899397610514636
1002,0.00373504388093626
1003,0.608829219931651
1004,0.0829533012297341
1005,0.328393020017031
1006,0.884314889274847
1007,0.956783891906775
1008,0.108118091535488
1009,0.0262840078305036
1010,0.989388088618661
1011,0.0200055384794889
1012,0.870405413485534
1013,0.642322284012101
1014,0.885455964585235
1015,0.400272001205059
1016,0.790003044271321
1017,0.875847074866991
1018,0.983874694791751
1019,0.859480071767097
1020,0.050105239144385
1021,0.748369016419292
1022,0.00568656711031323
1023,0.92652855280044
1024,0.210036576385518
1025,0.70703704669179
1026,0.355062173673362
1027,0.375961519470405
1028,0.982481773570644
1029,0.0407949968772546
1030,0.595584665541462
1031,0.0815869725734393
1032,0.810757626446139
1033,0.800696861258579
1034,0.633746338641637
1035,0.767831088554063
1036,0.925032489200707
1037,0.0885177335007405
1038,0.960705396757818
1039,0.055866931261604
1040,0.891382956061969
1041,0.803338364508514
1042,0.958876158060835
1043,0.630931336244123
1044,0.474584757468603
1045,0.337568855863303
1046,0.259155107248403
1047,0.9595648917776
1048,0.90240435197998
1049,0.535708067766613
1050,0.507653342870102
1051,0.925497052702803
1052,0.855063385553755
1053,0.858044521184701
1054,0.491186901622628
1055,0.02309403216138
1056,0.340191495729108
1057,0.485295705109973
1058,0.43483527774768
1059,0.902385364543701
1060,0.780364013164806
1061,0.925845780767516
1062,0.897731969295841
1063,0.00443195431088483
1064,0.0951271482118753
1065,0.669688665165896
1066,0.958379922676534
1067,0.537599570572186
1068,0.781098506152157
1069,0.759051373176673
1070,0.975974648822549
1071,0.949846928047937
1072,0.75213111678728
1073,0.12470824653201
1074,0.943547291868308
1075,0.0135198615535385
1076,0.645804052837456
1077,0.527047226072887
1078,0.686473768274394
1079,0.861116707686736
1080,0.900982701596332
1081,0.0762165061755431
1082,0.0101145215342962
1083,0.800669338342073
1084,0.837591044723974
1085,0.921277283243044
1086,0.433364034440135
1087,0.967640928282828
1088,0.929980452562273
1089,0.209300913569515
1090,0.426893990928254
1091,0.775919809739084
1092,0.0112305136906128
1093,0.949080268285411
1094,0.913853337552132
1095,0.19352070657127
1096,0.0078117012068748
1097,0.314556608827631
1098,0.164488451707696
1099,0.223391715622609
1100,0.643882310692255
1101,0.916310343748375
1102,0.724332547420793
1103,0.24345528460686
1104,0.37166394453276
1105,0.91186192970011
1106,0.704613608203276
1107,0.0797774929257674
1108,0.921330340757556
1109,0.347597352449799
1110,0.861075511172173
1111,0.638865063622775
1112,0.974699654610459
1113,0.183573259165359
1114,0.609984135971016
1115,0.948181585329968
1116,0.563446981233313
1117,0.0606138598731358
1118,0.0482837892897421
1119,0.039234381680746
1120,0.496121060547776
1121,0.564019588067092
1122,0.0199042746718271
1123,0.134626199763742
1124,0.058593652016352
1125,0.330301093564565
1126,0.920118907858471
1127,0.526857534196554
1128,0.954202846063456
1129,0.856174734771537
1130,0.0512216678668725
1131,0.32963552828578
1132,0.892753449067951
1133,0.951871509206333
1134,0.8021344749057
1135,0.148324753261612
1136,0.0150186765434764
1137,0.795183757179445
1138,0.671978398343955
1139,0.567601546812203
1140,0.447418594995237
1141,0.938316923951499
1142,0.941274257370041
1143,0.858890659266744
1144,0.179237511930303
1145,0.337130760066383
1146,0.346669357639668
1147,0.834437464369616
1148,0.609825604357802
1149,0.915143594511032
1150,0.0558532075550028
1151,0.396526418435995
1152,0.238706201245851
1153,0.0198924264216498
1154,0.875554829016927
1155,0.954125947457376
1156,0.141300951045708
1157,0.236861697489379
1158,0.886966435957386
1159,0.0949670108711818
1160,0.955768085594649
1161,0.00204471711448251
1162,0.686119351154849
1163,0.77451183073264
1164,0.235085027020576
1165,0.648794943043117
1166,0.805440694261995
1167,0.0400960374724521
1168,0.878747744499897
1169,0.781801590815778
1170,0.886942856179357
1171,0.800336510905677
1172,0.915437918778164
1173,0.936256732400617
1174,0.910303144352384
1175,0.316382150490862
1176,0.210659239478906
1177,0.810549448748602
1178,0.915187273336252
1179,0.798379236398052
1180,0.683101530638831
1181,0.15530546528242
1182,0.878550735824503
1183,0.195467276144029
1184,0.0551122741074376
1185,0.526519607467236
1186,0.41579391290115
1187,0.94600051695846
1188,0.346432234556209
1189,0.99485901957812
1190,0.373580191842093
1191,0.325799598194791
1192,0.501063532606488
1193,0.886956243471729
1194,0.604215084342412
1195,0.00432791822524692
1196,0.329354099576756
1197,0.571604937211592
1198,0.809948781149373
1199,0.835143033328962
1200,0.118640514963907
1201,0.877496304577948
1202,0.834420510314626
1203,0.954350287289956
1204,0.407569327394726
1205,0.822047976957496
1206,0.576444654876324
1207,0.803909055180615
1208,0.983610007940819
1209,0.519773937075412
1210,0.719702114802294
1211,0.164347355965369
1212,0.950372957905304
1213,0.141165466040821
1214,0.634920559720231
1215,0.418184321040272
1216,0.967649428763778
1217,0.219410764063911
1218,0.853307227955552
1219,0.704612959101083
1220,0.0416573143923632
1221,0.902784773715091
1222,0.982664514124382
1223,0.841784423729617
1224,0.79904067927637
1225,0.951163290407184
1226,0.841933078111412
1227,0.285461909620822
1228,0.363476706140123
1229,0.905743568747243
1230,0.464374309762486
1231,0.649179657816343
1232,0.950838979743432
1233,0.654898035850455
1234,0.679792737607992
1235,0.85257601787865
1236,0.599264542481715
1237,0.977369810043881
1238,0.89014932875698
1239,0.869902776842478
1240,0.0469433997339371
1241,0.792213321918932
1242,0.963374429449305
1243,0.0334236165248657
1244,0.298186775505643
1245,0.0610551219733783
1246,0.0783561424810135
1247,0.662404767329767
1248,0.774220776701049
1249,0.0586106863518557
1250,0.969745422480654
1251,0.964322157891691
1252,0.797206796938773
1253,0.905607621385327
1254,0.947861204915685
1255,0.836993333078442
1256,0.153930708008174
1257,0.191170819408596
1258,0.00103212781477502
1259,0.956369424689919
1260,0.299165561630658
1261,0.560375952625828
1262,0.978647261884713
1263,0.775298211421452
1264,0.526188202973023
1265,0.97286283017915
1266,0.536629959217855
1267,0.921330457176514
1268,0.90270390475939
1269,0.308554148054177
1270,0.826369297095553
1271,0.619517675065649
1272,0.775728788181081
1273,0.560318016069483
1274,0.443042721087192
1275,0.973414623299271
1276,0.384840158517461
1277,0.0558170757591201
1278,0.721861690072391
1279,0.183149573549896
1280,0.781105323621492
1281,0.887642358272341
1282,0.413070892221016
1283,0.928736599508199
1284,0.260028882147398
1285,0.648938602732338
1286,0.242795337127807
1287,0.927369765719556
1288,0.0856584466907323
1289,0.696935091587304
1290,0.820030201873292
1291,0.372425743489969
1292,0.89757464426067
1293,0.368689104516887
1294,0.927162458913312
1295,0.801878613417691
1296,0.864026594185675
1297,0.836023700285465
1298,0.537650510529525
1299,0.0856415641859145
1300,0.933089714249301
1301,0.774867935887902
1302,0.883491015676087
1303,0.519467621834997
1304,0.76512324263724
1305,0.837401554892325
1306,0.87449715110461
1307,0.946400217700196
1308,0.775606023129598
1309,0.104980884586046
1310,0.0498354336612856
1311,0.0441994931905826
1312,0.838446072092984
1313,0.346691282830964
1314,0.923128210747657
1315,0.278538746669414
1316,0.852796044527326
1317,0.629680073330697
1318,0.960740318192353
1319,0.147257174021508
1320,0.897266829015064
1321,0.807765627576143
1322,0.163886030369323
1323,0.926073921613365
1324,0.967367864535193
1325,0.21890513595873
1326,0.905485256669801
1327,0.960491029306966
1328,0.579363653934955
1329,0.868554019923685
1330,0.951768355463971
1331,0.963312837366309
1332,0.32698119010688
1333,0.451043643145524
1334,0.152082539671157
1335,0.915160743280756
1336,0.172854060675039
1337,0.782701496817779
1338,0.932856482095312
1339,0.325162823314258
1340,0.868334203229088
1341,0.358497425841341
1342,0.67559680980507
1343,0.0490007810755797
1344,0.0333597292604975
1345,0.000919150247171929
1346,0.226648704420744
1347,0.602192998196817
1348,0.969706675375609
1349,0.978962180916876
1350,0.0418727235170134
1351,0.287934031884026
1352,0.730132725952784
1353,0.917607389001596
1354,0.0181267778156823
1355,0.950038153481323
1356,0.725095164827916
1357,0.00147662211217425
1358,0.00996035709666665
1359,0.923743157416303
1360,0.872475987146508
1361,0.358331494057805
1362,0.98691880443473
1363,0.916115472514591
1364,0.906401876576389
1365,0.982779470906423
1366,0.594932159462443
1367,0.937269311757874
1368,0.553366561953883
1369,0.457742008859165
1370,0.647413981135373
1371,0.627294756055552
1372,0.839170289625247
1373,0.124067899857494
1374,0.00842686116922453
1375,0.819784230692157
1376,0.112889951376949
1377,0.719041413125595
1378,0.328614399825391
1379,0.740162173342289
1380,0.766682478291562
1381,0.166513829035016
1382,0.450854324118387
1383,0.10272227096792
1384,0.0608991444266188
1385,0.570326208562009
1386,0.865545332380245
1387,0.210573149507376
1388,0.290696487507006
1389,0.96314208010138
1390,0.868632822467712
1391,0.106541475777541
1392,0.328506224935315
1393,0.548982295519894
1394,0.412538845747557
1395,0.270603409308333
1396,0.80223690995568
1397,0.295701415110503
1398,0.984706666903936
1399,0.750057115489952
1400,0.856177671147382
1401,0.0945601718295414
1402,0.292419334679027
1403,0.00564450405711991
1404,0.00210574193214375
1405,0.717551270389204
1406,0.77919960318096
1407,0.0960355898666703
1408,0.182771658206468
1409,0.464265943113993
1410,0.913535830160109
1411,0.241530100543531
1412,0.841290493152289
1413,0.951693630636132
1414,0.914869325258694
1415,0.960337944412568
1416,0.710537283600555
1417,0.65976387415913
1418,0.885176449276698
1419,0.752499276011652
1420,0.916619198631611
1421,0.208748576248142
1422,0.825373000661983
1423,0.208359048475621
1424,0.0381494124793749
1425,0.0120509975241523
1426,0.194660257419706
1427,0.7023612625849
1428,0.905118438589419
1429,0.95167921322139
1430,0.825350402239285
1431,0.970679529099567
1432,0.66385041154509
1433,0.821393395116522
1434,0.916008481766453
1435,0.425609875291088
1436,0.0696405729501646
1437,0.295660356999128
1438,0.953882582701131
1439,0.619315769013913
1440,0.0509272252287184
1441,0.675171446437371
1442,0.201470270088038
1443,0.868298743388867
1444,0.0571461423905042
1445,0.965552587811123
1446,0.0879560680281573
1447,0.930502186153064
1448,0.230316617543225
1449,0.869396432199758
1450,0.351546412552817
1451,0.140600929307554
1452,0.0470630823909364
1453,0.818125872200713
1454,0.315978711716799
1455,0.856349676341642
1456,0.9829562971486
1457,0.885432542332506
1458,0.0871496780027101
1459,0.931654626572651
1460,0.309892979910774
1461,0.864381552215041
1462,0.897253477193906
1463,0.235779422127052
1464,0.292167990697664
1465,0.288277855033454
1466,0.159155169143402
1467,0.0928950981889853
1468,0.952537938471517
1469,0.737695301743801
1470,0.892087712746694
1471,0.752378060889243
1472,0.892884420949206
1473,0.111304261332945
1474,0.966334859100002
1475,0.925265471105472
1476,0.889752842683395
1477,0.65879771796968
1478,0.0750073526956252
1479,0.927033010709704
1480,0.0087741621534525
1481,0.899799568598472
1482,0.314086693759065
1483,0.746940275356913
1484,0.751803508838087
1485,0.853599148338871
1486,0.932674583115296
1487,0.956393256133951
1488,0.0147358307039135
1489,0.939316904182401
1490,0.869345068849792
1491,0.0127499201128267
1492,0.76628961688491
1493,0.695960818807606
1494,0.7355014613659
1495,0.336785234217017
1496,3.61590348774143e-08
1497,0.947713808178933
1498,0.134304789232631
1499,0.414304664125138
1500,0.218462356888951
1501,0.257446791143338
1502,0.957995310023128
1503,0.942990141437728
1504,0.910630706434329
1505,0.756140761935523
1506,0.957808487224098
1507,0.012188469739998
1508,0.637068093885542
1509,0.00114385286521912
1510,0.241779363881443
1511,0.734068343266262
1512,4.29129092719416e-05
1513,0.00387970423478901
1514,0.0277133127992222
1515,3.61455734232408e-08
1516,0.854408665348498
1517,0.919553883377561
1518,0.856930904827328
1519,0.923242261850769
1520,0.883050527913233
1521,0.942077031969816
1522,0.276896839878054
1523,0.432597091221621
1524,0.0263892254601564
1525,0.924359919857584
1526,0.462326601540742
1527,0.772475666081292
1528,0.900996067774632
1529,0.00873675348425618
1530,0.0202835511464184
1531,0.394745755215801
1532,0.96056961318446
1533,0.9232761678265
1534,0.34680644212029
1535,0.0577770614331355
1536,0.886280507999979
1537,0.0147218951137493
1538,0.776150282346827
1539,0.411850339117948
1540,0.876460085301284
1541,0.87676243238782
1542,0.953593855226064
1543,0.870567746874414
1544,0.849517997957596
1545,0.28795628774779
1546,0.889680924595974
1547,0.851245236956252
1548,0.824803891402599
1549,0.902379584973676
1550,0.94939784604732
1551,0.964340784887897
1552,0.892526305926182
1553,0.559629536548966
1554,0.822228583416542
1555,0.831711673431162
1556,0.802385689767016
1557,0.0744684027808302
1558,0.994375014868247
1559,0.289526693622139
1560,0.117130811326633
1561,0.92452380936245
1562,0.829448002842354
1563,0.0801077179973613
1564,0.431254901644086
1565,0.000730737571675966
1566,0.964642751011668
1567,0.307962237672656
1568,0.0186920561153059
1569,8.95818463291231e-05
1570,0.891860565236184
1571,0.314076078951003
1572,0.653944432448692
1573,0.670392809996263
1574,0.976350196568389
1575,8.95713143218568e-05
1576,0.595965334825777
1577,0.14662338638215
1578,0.491009105446974
1579,0.994819780387675
1580,0.580085226369045
1581,0.898800936192677
1582,0.315436784341939
1583,0.135598276088187
1584,0.885179821287026
1585,0.357322758440283
1586,0.937079934814592
1587,0.110701652442051
1588,0.734739193895451
1589,0.357380457067355
1590,0.454613877417522
1591,0.606081428726135
1592,0.0854724984884918
1593,0.986336507986525
1594,0.122549102436675
1595,0.427484183842607
1596,0.166250793905735
1597,0.478072198785746
1598,0.00108126929912544
1599,0.772141547694566
1600,0.956581356774686
1601,0.0660841898419972
1602,0.655540483858191
1603,0.954613782848307
1604,0.325799940344012
1605,0.908777854881532
1606,0.926677187268431
1607,0.164159155263054
1608,0.0854479914383578
1609,0.970674000522048
1610,0.781739527149979
1611,0.943618435996213
1612,0.880503857538887
1613,0.612914510926973
1614,0.637524786453184
1615,0.83657264756784
1616,0.802199175718415
1617,0.95635682050983
1618,0.146609411784002
1619,0.00838683570806931
1620,0.488753161920688
1621,0.111017684359073
1622,0.269726239862117
1623,0.182152361465795
1624,0.883598939877379
1625,0.559281766549861
1626,0.864983006196003
1627,0.559272105439991
1628,0.968320586273043
1629,0.956360311384589
1630,0.903918061022333
1631,0.880396197556831
1632,0.937598418512977
1633,0.536018115016149
1634,0.937876935791664
1635,0.0235797950723391
1636,0.809164274622365
1637,0.122458515075927
1638,0.0183009374057258
1639,0.994366128960406
1640,0.170406143941103
1641,0.821006529111296
1642,0.0781057541791627
1643,0.733563045231004
1644,0.92347865425513
1645,0.00409253675606003
1646,0.17198717041875
1647,0.105985424341763
1648,0.6074915933123
1649,0.0711049873132306
1650,0.0569290090529133
1651,0.877220170077757
1652,0.820974847236346
1653,0.978551513502512
1654,0.0948633114560699
1655,0.313721542061177
1656,0.89826060953033
1657,0.83841504447705
1658,0.229587867398651
1659,0.164019374395894
1660,0.31346758252885
1661,0.749075949993106
1662,0.908806220922229
1663,0.650639049207275
1664,0.811647920094909
1665,0.959871515725706
1666,0.547267183813914
1667,0.671184455488511
1668,0.948332616809018
1669,0.0277841095643173
1670,0.00734269886680439
1671,0.675573638315751
1672,0.665489150798609
1673,0.876168409627062
1674,0.570629189704437
1675,0.953744280591658
1676,0.0663581272211696
1677,0.877165279627277
1678,0.424726097291071
1679,0.960041270035784
1680,0.200720931205221
1681,0.0743010857185937
1682,0.752676832362251
1683,0.225200991626135
1684,0.794603425905583
1685,0.639526688131195
1686,0.456354914296843
1687,0.931369563488611
1688,0.373897667507025
1689,0.308934027835582
1690,0.943387658189688
1691,0.393860409802219
1692,0.561136359116338
1693,0.813524982214162
1694,0.356018007254019
1695,0.735056491029683
1696,0.0276173667542637
1697,0.197515896155304
1698,0.978317743138071
1699,0.00111383150688504
1700,0.926822715442219
1701,0.914588107393722
1702,0.862122023365621
1703,0.749818520059701
1704,0.640200135220808
1705,0.701707181531125
1706,0.00091267634492298
1707,0.273830852617573
1708,0.979286158351068
1709,0.898572540046267
1710,0.910244651071628
1711,0.229404200771135
1712,0.113339041045236
1713,0.0179572501991574
1714,0.62907628179401
1715,0.165607364148104
1716,0.127499770502027
1717,0.0955094712119021
1718,0.0103618758797557
1719,0.627435607676063
1720,0.924587972415193
1721,0.221284075002428
1722,0.859634539508032
1723,0.771713713805994
1724,0.429791302227508
1725,0.857800721578521
1726,0.328873358052898
1727,0.344231406965668
1728,0.54855371370116
1729,0.698887969566972
1730,0.193578503710777
1731,0.862032764004363
1732,0.928871482054727
1733,0.16278530984164
1734,0.949309244980099
1735,0.404979824565726
1736,0.44409140664332
1737,0.741299508194329
1738,0.873954045176206
1739,0.0413833881923034
1740,0.68072103723954
1741,0.136923112673085
1742,0.924275915936996
1743,0.894757497433483
1744,0.00356247844460988
1745,0.0454537184459377
1746,0.765914481781755
1747,0.845479689844703
1748,0.978601171523542
1749,0.792266917587396
1750,0.393584404144832
1751,0.791988352819877
1752,0.963301551480129
1753,0.910470038906459
1754,0.817116278445806
1755,0.440309477236891
1756,0.326934221459351
1757,0.366071393674332
1758,0.273641640013466
1759,0.693435811604333
1760,0.155805307791919
1761,0.973498831667739
1762,0.630656383665864
1763,0.764183228973331
1764,0.896721109148565
1765,0.876287320825642
1766,0.638130108600259
1767,0.0544750572017506
1768,0.933727332823796
1769,0.0083624234177303
1770,0.765634161243268
1771,0.990455582810443
1772,0.181717756572854
1773,0.562274280973417
1774,0.0273817746536569
1775,0.915116190754768
1776,0.609795141067186
1777,0.908662980659068
1778,0.962328149859262
1779,0.970484802605851
1780,0.0874323939577045
1781,0.117455073346982
1782,0.959688031449471
1783,0.71008244323775
1784,0.560821913070464
1785,0.0506014225314668
1786,0.800954556821721
1787,0.777912296026856
1788,0.4158314231142
1789,0.110326826595582
1790,0.887463779119087
1791,0.829281437090557
1792,0.0577279236247656
1793,0.0865659311269037
1794,0.453622812958211
1795,0.52939979574232
1796,0.909134550339952
1797,0.97010547293717
1798,0.341207946382456
1799,0.915000955695899
1800,0.117724194310141
1801,0.23203852559006
1802,0.850427184985586
1803,0.719211512333234
1804,0.801396958892963
1805,0.048580580413033
1806,0.633399917566546
1807,0.884332981472553
1808,0.186289290721388
1809,0.253824066763153
1810,0.478222888281583
1811,0.851613809175073
1812,0.836303616173231
1813,0.820912883038979
1814,0.276577823788737
1815,0.948392104646015
1816,0.659906614151772
1817,0.965654940332793
1818,0.903579627753927
1819,0.290978355834214
1820,0.866672669594337
1821,0.95032557519409
1822,0.0559144437132676
1823,0.65852832930628
1824,0.144910799028315
1825,0.82970916240969
1826,0.901116735002139
1827,0.969685460630334
1828,0.891410445040449
1829,0.765622722251549
1830,0.00294409922164274
1831,0.820861016481843
1832,0.731420610281807
1833,0.191606187552217
1834,0.907282053170376
1835,0.87808783149077
1836,0.959913341306782
1837,0.375894171339069
1838,0.972522592773777
1839,0.308306783600139
1840,0.75311468315233
1841,0.28301385370275
1842,0.949122219176836
1843,0.638812552771871
1844,0.611685224851291
1845,0.707047901949146
1846,0.96760310870623
1847,0.979520349967296
1848,0.0170752287423576
1849,0.979868476668774
1850,0.965078561750094
1851,0.883705355963816
1852,0.924383898276993
1853,0.743038549681004
1854,0.0123678822359111
1855,0.902753059012908
1856,0.741970207686663
1857,0.0577626810719172
1858,0.910687811792009
1859,0.535593362364226
1860,0.917015109316548
1861,0.706982949136355
1862,0.370057704378333
1863,0.926334231246752
1864,0.408924741735393
1865,0.385771797861047
1866,0.939161436509857
1867,0.831937911163567
1868,0.0751376579136472
1869,0.453173664117518
1870,0.970063955556465
1871,0.802728392137384
1872,0.53367559734388
1873,0.16549969683097
1874,0.0692075074381368
1875,0.909206028004651
1876,0.928684804597869
1877,0.0743302950283589
1878,0.754301897134066
1879,0.818066570989158
1880,0.0703590372640079
1881,0.033022776978436
1882,0.910141032853858
1883,0.86229139821763
1884,0.240647273861576
1885,0.228042188855805
1886,0.877240456131531
1887,0.629379859673629
1888,0.130145570122646
1889,0.0577285585190402
1890,0.92407266330322
1891,0.743595097744184
1892,0.894460495288518
1893,0.879854475022919
1894,0.878916442010525
1895,0.967012764799679
1896,0.953754947543704
1897,0.343653078552338
1898,0.262845264104504
1899,0.777532856704354
1900,0.963610572730156
1901,0.32712132146161
1902,0.87764260415137
1903,0.884206840564389
1904,0.122697725224465
1905,0.90895793137342
1906,0.430755655502413
1907,0.239753857281303
1908,0.791237911072397
1909,0.130098986474731
1910,0.181306773131104
1911,0.775971878789312
1912,0.951167269919457
1913,0.963336282016573
1914,0.322695007835127
1915,0.96028433740537
1916,0.125659686391849
1917,0.668593873276092
1918,0.353440127414383
1919,0.908827653010954
1920,0.959735811452674
1921,0.942503225216549
1922,0.973065223524717
1923,0.962617036552238
1924,0.926252612680875
1925,0.911806573130156
1926,0.173585720491609
1927,0.00110887121848435
1928,0.877684479421365
1929,0.9076439527052
1930,0.380971004455183
1931,0.457232929701259
1932,0.935363232069483
1933,0.94137962890958
1934,0.452858014101351
1935,0.953518971154184
1936,0.282636219897136
1937,0.32696604720038
1938,0.335066528854806
1939,0.055793527824443
1940,0.0492540412484438
1941,0.00558563429214998
1942,0.41472190997128
1943,0.279495011404184
1944,0.285557200473723
1945,0.749600298318806
1946,0.609002113325018
1947,0.313119023808941
1948,0.859067411615087
1949,0.112873122741529
1950,0.240410993813177
1951,0.792573391976918
1952,0.963162737533125
1953,0.0576603701738092
1954,0.791870178730868
1955,0.662071403078152
1956,0.440031194364453
1957,0.455315006277763
1958,0.923042665491276
1959,0.103173464861888
1960,0.952979995253853
1961,0.778224639464827
1962,0.559241495121469
1963,0.0281564731454391
1964,0.112186196074216
1965,0.0126335201240193
1966,0.797893162394393
1967,0.163539934939568
1968,0.757766930384198
1969,0.133235204558245
1970,0.0542705062959904
1971,0.879761614165982
1972,0.205364455571695
1973,0.185739371544658
1974,0.817789311626838
1975,0.789580743193251
1976,0.838784858038499
1977,0.119241822519729
1978,0.734357722349701
1979,0.293331558724327
1980,0.940385402955522
1981,0.0464814914241507
1982,0.875509886610191
1983,0.936641791372705
1984,0.97972731029998
1985,0.983362705380282
1986,0.563688389046984
1987,0.747287312846594
1988,0.0276157365052853
1989,0.770880416138237
1990,0.0427599571819498
1991,0.952072405794557
1992,0.0889930645674968
1993,0.852350633902191
1994,0.861190832397502
1995,0.00197267133499401
1996,0.979461690944172
1997,0.859091879395152
1998,0.0950347991095644
1999,0.140712668213808
2000,0.887340233342707
2001,0.421135464422967
2002,0.358503214452316
2003,0.957641264955978
2004,0.789741128853654
2005,0.959468966294549
2006,0.792598786314538
2007,0.899987613424208
2008,0.770686491433227
2009,0.716941244366379
2010,0.823291893488549
2011,0.601087788758873
2012,0.14245073936857
2013,0.956243946677227
2014,0.309404199124043
2015,0.369358995144383
2016,0.00864022603991177
2017,0.0630383052191292
2018,0.778080590817436
2019,0.783533585942447
2020,0.386904571312303
2021,0.790610503905336
2022,0.742949263056755
2023,0.170067763050682
2024,0.903973806921257
2025,0.578107246177533
2026,0.883429015910714
2027,0.947163269070714
2028,0.886130196393342
2029,0.956230824880885
2030,0.385005870215599
2031,0.0662932268618676
2032,0.0690083079448081
2033,0.976141597601521
2034,0.930933603329257
2035,0.915796857359255
2036,0.77596472874322
2037,0.081897965773552
2038,0.0929201298991253
2039,0.817599418713085
2040,0.545840886111994
2041,0.66805519842347
2042,0.791857921636954
2043,0.00864994562604782
2044,0.576826741870505
2045,0.872101391549648
2046,0.975522042046843
2047,0.782807705677235
2048,0.77440898235245
2049,0.718591087768145
2050,0.873758221793083
2051,0.00293141295183941
2052,0.496850077836867
2053,0.235512202417222
2054,0.0575963581884242
2055,0.236550523069829
2056,0.820756980357343
2057,0.367312961879869
2058,0.866051645059397
2059,0.358764321796581
2060,0.795585682731745
2061,0.87041117531133
2062,0.116885428439655
2063,0.216442212876533
2064,0.5713451808967
2065,0.109782791601175
2066,0.121557899620893
2067,0.563132629698383
2068,0.875335301939243
2069,0.964933627736005
2070,0.742225734434016
2071,0.0055096489993921
2072,0.856547357750276
2073,0.931948621130817
2074,0.616377478004521
2075,0.913812795039584
2076,0.320909252298992
2077,0.0610834162436463
2078,0.888590232451818
2079,0.662416725247492
2080,0.0615432802699333
2081,0.0213883802003129
2082,0.902802410097794
2083,0.0011054900565457
2084,0.82853788892673
2085,0.852536421048677
2086,0.111948280554735
2087,0.963866222384352
2088,0.907990102130281
2089,0.718078227463203
2090,0.0511371620471109
2091,0.831130686534955
2092,0.87528396733957
2093,0.480806947980947
2094,0.77166236178107
2095,0.7552337386661
2096,0.931696479539221
2097,0.780038002139279
2098,0.327266279693655
2099,0.935362709491678
2100,0.380698982743615
2101,0.207473376813852
2102,0.0705208487153203
2103,0.358048130532568
2104,0.676733541765484
2105,0.49520446871547
2106,0.62885640960728
2107,0.904264300324224
2108,0.530542405731387
2109,0.117096674579608
2110,0.77954166667212
2111,0.626044354114609
2112,0.625166034508191
2113,0.914691475972584
2114,0.112549737003545
2115,0.754244954836931
2116,0.858809332468153
